{
    "train": {
        "mae": 10.708397697856338,
        "rmse": 14.229654257494063,
        "r2": -9.8150267923016,
        "wape": -858.9923357631866
    },
    "test": {
        "mae": 11.52639589363725,
        "rmse": 14.2257926216917,
        "r2": -9.838418148889632,
        "wape": 420.2358949479129
    },
    "execution_time_seconds": 2.1670613288879395
}