{
    "train": {
        "mae": 10.71950570754529,
        "rmse": 14.253753039147787,
        "r2": -9.851689617694548,
        "wape": -859.8833836545348
    },
    "test": {
        "mae": 10.114035828201265,
        "rmse": 13.129663502948302,
        "r2": -8.232517657838576,
        "wape": 368.74326866957915
    },
    "execution_time_seconds": 1.6875958442687988
}