{"train": {"mae": 0.5434767995798172, "rmse": 1.0145870119693887}, "val": {"mae": 0.6455306246668906, "rmse": 0.9244938128162848}, "test": {"mae": 0.7295837992336148, "rmse": 1.0648181228720315}}