{"train": {"mae": 31.825211386032347, "rmse": 46.478676890206806}, "val": {"mae": 33.684946265931, "rmse": 52.50740189030616}, "test": {"mae": 66.96654918987637, "rmse": 106.57468926655854}}