{"train": {"mae": 31.80291689549764, "rmse": 46.51984426577914}, "val": {"mae": 34.07266882180927, "rmse": 49.47909442109486}, "test": {"mae": 36.77318236607915, "rmse": 59.79457179697728}}