{"train": {"mae": 54.32913101585983, "rmse": 108.90899029111323}, "val": {"mae": 35.36371221822882, "rmse": 56.25084217956864}, "test": {"mae": 39.04745761533189, "rmse": 66.42436400328775}}