{
    "train": {
        "mae": 10.713536445569005,
        "rmse": 14.237455289851487,
        "r2": -9.826888148704661,
        "wape": -859.4045491517019
    },
    "test": {
        "mae": 10.18403154307662,
        "rmse": 13.146280707374252,
        "r2": -8.255902220333923,
        "wape": 371.2952122393295
    },
    "execution_time_seconds": 1.7051687240600586
}