{
    "train": {
        "mae": 10.711808875807554,
        "rmse": 14.239707098079826,
        "r2": -9.83031319950357,
        "wape": -859.2659692047803
    },
    "test": {
        "mae": 10.12500351150998,
        "rmse": 13.125528715802014,
        "r2": -8.22670357366432,
        "wape": 369.14313470344393
    },
    "execution_time_seconds": 1.599416971206665
}