{"train": {"mae": 52.98062458547998, "rmse": 101.07128101040314}, "val": {"mae": 35.32235864297051, "rmse": 55.06729513483055}, "test": {"mae": 38.978885737457, "rmse": 65.80302680864912}}