{"train": {"mae": 49.38602630375808, "rmse": 91.99640496146401}, "val": {"mae": 33.773147725338696, "rmse": 55.03407377103378}, "test": {"mae": 62.01510391492286, "rmse": 115.7904952412252}}