{
    "train": {
        "mae": 10.697606181093908,
        "rmse": 14.221418338394411,
        "r2": -9.80251125152939,
        "wape": -858.1266758902775
    },
    "test": {
        "mae": 11.53755671679997,
        "rmse": 14.212927870937468,
        "r2": -9.818824091097973,
        "wape": 420.64280258438674
    },
    "execution_time_seconds": 1.808894395828247
}